imp_type,max_perc,random_state,data_split,dataset
gini,0.013644567595315626,0,1,breast_cancer
mutual_info,0.013644567595315626,0,1,breast_cancer
f_test,0.015476207402381537,0,1,breast_cancer
pimp,0.027540305118720854,0,1,breast_cancer
shap,0.013644567595315626,0,1,breast_cancer
pearson,0.015476207402381537,0,1,breast_cancer
spearman,0.014253314478601231,0,1,breast_cancer
kendall,0.014253314478601231,0,1,breast_cancer
pps,0.014253314478601231,0,1,breast_cancer
gini,0.01403551476837972,1,1,breast_cancer
mutual_info,0.01403551476837972,1,1,breast_cancer
f_test,0.01403551476837972,1,1,breast_cancer
pimp,0.028138110382894377,1,1,breast_cancer
shap,0.01403551476837972,1,1,breast_cancer
pearson,0.01403551476837972,1,1,breast_cancer
spearman,0.01403551476837972,1,1,breast_cancer
kendall,0.01403551476837972,1,1,breast_cancer
pps,0.01403551476837972,1,1,breast_cancer
gini,0.013644567595315626,2,1,breast_cancer
mutual_info,0.013644567595315626,2,1,breast_cancer
f_test,0.013644567595315626,2,1,breast_cancer
pimp,0.027741726151849555,2,1,breast_cancer
shap,0.013644567595315626,2,1,breast_cancer
pearson,0.013644567595315626,2,1,breast_cancer
spearman,0.013644567595315626,2,1,breast_cancer
kendall,0.013644567595315626,2,1,breast_cancer
pps,0.0010006831420699136,2,1,breast_cancer
gini,0.013644567595315626,3,1,breast_cancer
mutual_info,0.013644567595315626,3,1,breast_cancer
f_test,0.014253314478601231,3,1,breast_cancer
pimp,0.013644567595315626,3,1,breast_cancer
shap,0.013644567595315626,3,1,breast_cancer
pearson,0.014253314478601231,3,1,breast_cancer
spearman,0.013644567595315626,3,1,breast_cancer
kendall,0.013644567595315626,3,1,breast_cancer
pps,0.013644567595315626,3,1,breast_cancer
gini,0.0,4,1,breast_cancer
mutual_info,0.0,4,1,breast_cancer
f_test,0.0,4,1,breast_cancer
pimp,0.013907398122772863,4,1,breast_cancer
shap,0.0,4,1,breast_cancer
pearson,0.0,4,1,breast_cancer
spearman,0.0,4,1,breast_cancer
kendall,0.0,4,1,breast_cancer
pps,0.0,4,1,breast_cancer
gini,0.014253314478601231,5,1,breast_cancer
mutual_info,0.013644567595315626,5,1,breast_cancer
f_test,0.013644567595315626,5,1,breast_cancer
pimp,0.04147584907553381,5,1,breast_cancer
shap,0.014253314478601231,5,1,breast_cancer
pearson,0.013644567595315626,5,1,breast_cancer
spearman,0.013644567595315626,5,1,breast_cancer
kendall,0.013644567595315626,5,1,breast_cancer
pps,0.028577792344147257,5,1,breast_cancer
gini,0.027415769670711354,6,1,breast_cancer
mutual_info,0.027415769670711354,6,1,breast_cancer
f_test,0.02803278688524591,6,1,breast_cancer
pimp,0.041500292312232956,6,1,breast_cancer
shap,0.027415769670711354,6,1,breast_cancer
pearson,0.02803278688524591,6,1,breast_cancer
spearman,0.027415769670711354,6,1,breast_cancer
kendall,0.027415769670711354,6,1,breast_cancer
pps,0.013585829309050057,6,1,breast_cancer
gini,0.013644567595315626,7,1,breast_cancer
mutual_info,0.013644567595315626,7,1,breast_cancer
f_test,0.013644567595315626,7,1,breast_cancer
pimp,0.013672558405772639,7,1,breast_cancer
shap,0.013644567595315626,7,1,breast_cancer
pearson,0.013644567595315626,7,1,breast_cancer
spearman,0.013644567595315626,7,1,breast_cancer
kendall,0.013644567595315626,7,1,breast_cancer
pps,0.0,7,1,breast_cancer
gini,0.0,8,1,breast_cancer
mutual_info,0.0,8,1,breast_cancer
f_test,0.0,8,1,breast_cancer
pimp,0.013907398122772863,8,1,breast_cancer
shap,0.0006005526027037522,8,1,breast_cancer
pearson,0.0,8,1,breast_cancer
spearman,0.0,8,1,breast_cancer
kendall,0.0,8,1,breast_cancer
pps,0.001806984287807456,8,1,breast_cancer
gini,0.027415769670711354,9,1,breast_cancer
mutual_info,0.027415769670711354,9,1,breast_cancer
f_test,0.027415769670711354,9,1,breast_cancer
pimp,0.04170444981713706,9,1,breast_cancer
shap,0.02803278688524591,9,1,breast_cancer
pearson,0.027415769670711354,9,1,breast_cancer
spearman,0.027415769670711354,9,1,breast_cancer
kendall,0.027415769670711354,9,1,breast_cancer
pps,0.04170444981713706,9,1,breast_cancer
gini,,0,0,breast_cancer
mutual_info,,0,0,breast_cancer
f_test,,0,0,breast_cancer
pimp,,0,0,breast_cancer
shap,,0,0,breast_cancer
pearson,,0,0,breast_cancer
spearman,,0,0,breast_cancer
kendall,,0,0,breast_cancer
pps,,0,0,breast_cancer
gini,,1,0,breast_cancer
mutual_info,,1,0,breast_cancer
f_test,,1,0,breast_cancer
pimp,,1,0,breast_cancer
shap,,1,0,breast_cancer
pearson,,1,0,breast_cancer
spearman,,1,0,breast_cancer
kendall,,1,0,breast_cancer
pps,,1,0,breast_cancer
gini,,2,0,breast_cancer
mutual_info,,2,0,breast_cancer
f_test,,2,0,breast_cancer
pimp,,2,0,breast_cancer
shap,,2,0,breast_cancer
pearson,,2,0,breast_cancer
spearman,,2,0,breast_cancer
kendall,,2,0,breast_cancer
pps,,2,0,breast_cancer
gini,,3,0,breast_cancer
mutual_info,,3,0,breast_cancer
f_test,,3,0,breast_cancer
pimp,,3,0,breast_cancer
shap,,3,0,breast_cancer
pearson,,3,0,breast_cancer
spearman,,3,0,breast_cancer
kendall,,3,0,breast_cancer
pps,,3,0,breast_cancer
gini,,4,0,breast_cancer
mutual_info,,4,0,breast_cancer
f_test,,4,0,breast_cancer
pimp,,4,0,breast_cancer
shap,,4,0,breast_cancer
pearson,,4,0,breast_cancer
spearman,,4,0,breast_cancer
kendall,,4,0,breast_cancer
pps,,4,0,breast_cancer
gini,,5,0,breast_cancer
mutual_info,,5,0,breast_cancer
f_test,,5,0,breast_cancer
pimp,,5,0,breast_cancer
shap,,5,0,breast_cancer
pearson,,5,0,breast_cancer
spearman,,5,0,breast_cancer
kendall,,5,0,breast_cancer
pps,,5,0,breast_cancer
gini,,6,0,breast_cancer
mutual_info,,6,0,breast_cancer
f_test,,6,0,breast_cancer
pimp,,6,0,breast_cancer
shap,,6,0,breast_cancer
pearson,,6,0,breast_cancer
spearman,,6,0,breast_cancer
kendall,,6,0,breast_cancer
pps,,6,0,breast_cancer
gini,,7,0,breast_cancer
mutual_info,,7,0,breast_cancer
f_test,,7,0,breast_cancer
pimp,,7,0,breast_cancer
shap,,7,0,breast_cancer
pearson,,7,0,breast_cancer
spearman,,7,0,breast_cancer
kendall,,7,0,breast_cancer
pps,,7,0,breast_cancer
gini,,8,0,breast_cancer
mutual_info,,8,0,breast_cancer
f_test,,8,0,breast_cancer
pimp,,8,0,breast_cancer
shap,,8,0,breast_cancer
pearson,,8,0,breast_cancer
spearman,,8,0,breast_cancer
kendall,,8,0,breast_cancer
pps,,8,0,breast_cancer
gini,,9,0,breast_cancer
mutual_info,,9,0,breast_cancer
f_test,,9,0,breast_cancer
pimp,,9,0,breast_cancer
shap,,9,0,breast_cancer
pearson,,9,0,breast_cancer
spearman,,9,0,breast_cancer
kendall,,9,0,breast_cancer
pps,,9,0,breast_cancer
gini,0.040092347744533186,0,2,breast_cancer
mutual_info,0.040092347744533186,0,2,breast_cancer
f_test,0.040092347744533186,0,2,breast_cancer
pimp,0.040092347744533186,0,2,breast_cancer
shap,0.05358369863936763,0,2,breast_cancer
pearson,0.040092347744533186,0,2,breast_cancer
spearman,0.040092347744533186,0,2,breast_cancer
kendall,0.040092347744533186,0,2,breast_cancer
pps,0.0,0,2,breast_cancer
gini,0.03975048982007223,1,2,breast_cancer
mutual_info,0.03975048982007223,1,2,breast_cancer
f_test,0.03975048982007223,1,2,breast_cancer
pimp,0.026436275942850918,1,2,breast_cancer
shap,0.03975048982007223,1,2,breast_cancer
pearson,0.03975048982007223,1,2,breast_cancer
spearman,0.03975048982007223,1,2,breast_cancer
kendall,0.03975048982007223,1,2,breast_cancer
pps,0.0,1,2,breast_cancer
gini,0.013076449052891403,2,2,breast_cancer
mutual_info,0.026217368594415147,2,2,breast_cancer
f_test,0.026217368594415147,2,2,breast_cancer
pimp,0.013076449052891403,2,2,breast_cancer
shap,0.026217368594415147,2,2,breast_cancer
pearson,0.026217368594415147,2,2,breast_cancer
spearman,0.026217368594415147,2,2,breast_cancer
kendall,0.026217368594415147,2,2,breast_cancer
pps,-0.025974519234014615,2,2,breast_cancer
gini,0.03975048982007223,3,2,breast_cancer
mutual_info,0.026436275942850918,3,2,breast_cancer
f_test,0.026436275942850918,3,2,breast_cancer
pimp,0.026436275942850918,3,2,breast_cancer
shap,0.03975048982007223,3,2,breast_cancer
pearson,0.026436275942850918,3,2,breast_cancer
spearman,0.026436275942850918,3,2,breast_cancer
kendall,0.026436275942850918,3,2,breast_cancer
pps,0.0,3,2,breast_cancer
gini,0.03975048982007223,4,2,breast_cancer
mutual_info,0.026436275942850918,4,2,breast_cancer
f_test,0.03975048982007223,4,2,breast_cancer
pimp,0.03975048982007223,4,2,breast_cancer
shap,0.03975048982007223,4,2,breast_cancer
pearson,0.03975048982007223,4,2,breast_cancer
spearman,0.026436275942850918,4,2,breast_cancer
kendall,0.026436275942850918,4,2,breast_cancer
pps,0.0,4,2,breast_cancer
gini,0.03975048982007223,5,2,breast_cancer
mutual_info,0.026436275942850918,5,2,breast_cancer
f_test,0.03975048982007223,5,2,breast_cancer
pimp,0.026436275942850918,5,2,breast_cancer
shap,0.03975048982007223,5,2,breast_cancer
pearson,0.03975048982007223,5,2,breast_cancer
spearman,0.03975048982007223,5,2,breast_cancer
kendall,0.03975048982007223,5,2,breast_cancer
pps,0.013187382751271626,5,2,breast_cancer
gini,0.03975048982007223,6,2,breast_cancer
mutual_info,0.026436275942850918,6,2,breast_cancer
f_test,0.03975048982007223,6,2,breast_cancer
pimp,0.03909745791497432,6,2,breast_cancer
shap,0.03975048982007223,6,2,breast_cancer
pearson,0.03975048982007223,6,2,breast_cancer
spearman,0.026436275942850918,6,2,breast_cancer
kendall,0.026436275942850918,6,2,breast_cancer
pps,0.0,6,2,breast_cancer
gini,0.053133851459969295,7,2,breast_cancer
mutual_info,0.026436275942850918,7,2,breast_cancer
f_test,0.03975048982007223,7,2,breast_cancer
pimp,0.026436275942850918,7,2,breast_cancer
shap,0.03975048982007223,7,2,breast_cancer
pearson,0.03975048982007223,7,2,breast_cancer
spearman,0.03975048982007223,7,2,breast_cancer
kendall,0.03975048982007223,7,2,breast_cancer
pps,0.0,7,2,breast_cancer
gini,0.026217368594415147,8,2,breast_cancer
mutual_info,0.026217368594415147,8,2,breast_cancer
f_test,0.013076449052891403,8,2,breast_cancer
pimp,0.013076449052891403,8,2,breast_cancer
shap,0.026217368594415147,8,2,breast_cancer
pearson,0.013076449052891403,8,2,breast_cancer
spearman,0.026217368594415147,8,2,breast_cancer
kendall,0.026217368594415147,8,2,breast_cancer
pps,0.013076449052891403,8,2,breast_cancer
gini,0.026217368594415147,9,2,breast_cancer
mutual_info,0.013076449052891403,9,2,breast_cancer
f_test,0.013076449052891403,9,2,breast_cancer
pimp,0.013076449052891403,9,2,breast_cancer
shap,0.026217368594415147,9,2,breast_cancer
pearson,0.013076449052891403,9,2,breast_cancer
spearman,0.026217368594415147,9,2,breast_cancer
kendall,0.026217368594415147,9,2,breast_cancer
pps,-0.01301573921643373,9,2,breast_cancer
gini,1.6396631153048347e-05,0,3,breast_cancer
mutual_info,0.0,0,3,breast_cancer
f_test,0.0,0,3,breast_cancer
pimp,0.0,0,3,breast_cancer
shap,0.0,0,3,breast_cancer
pearson,0.0,0,3,breast_cancer
spearman,1.6396631153048347e-05,0,3,breast_cancer
kendall,1.6396631153048347e-05,0,3,breast_cancer
pps,0.0,0,3,breast_cancer
gini,0.02712285947532722,1,3,breast_cancer
mutual_info,0.013433146002847396,1,3,breast_cancer
f_test,0.013433146002847396,1,3,breast_cancer
pimp,0.013449762892340678,1,3,breast_cancer
shap,0.013433146002847396,1,3,breast_cancer
pearson,0.013433146002847396,1,3,breast_cancer
spearman,0.013433146002847396,1,3,breast_cancer
kendall,0.013433146002847396,1,3,breast_cancer
pps,0.013433146002847396,1,3,breast_cancer
gini,0.013433146002847396,2,3,breast_cancer
mutual_info,0.013433146002847396,2,3,breast_cancer
f_test,0.013433146002847396,2,3,breast_cancer
pimp,0.013433146002847396,2,3,breast_cancer
shap,0.013433146002847396,2,3,breast_cancer
pearson,0.013433146002847396,2,3,breast_cancer
spearman,0.013433146002847396,2,3,breast_cancer
kendall,0.013433146002847396,2,3,breast_cancer
pps,0.0,2,3,breast_cancer
gini,0.026976057658535613,3,3,breast_cancer
mutual_info,0.026976057658535613,3,3,breast_cancer
f_test,0.026976057658535613,3,3,breast_cancer
pimp,0.013363399163629053,3,3,breast_cancer
shap,0.026976057658535613,3,3,breast_cancer
pearson,0.026976057658535613,3,3,breast_cancer
spearman,0.026976057658535613,3,3,breast_cancer
kendall,0.026976057658535613,3,3,breast_cancer
pps,0.026992896606156114,3,3,breast_cancer
gini,0.02712285947532722,4,3,breast_cancer
mutual_info,0.013433146002847396,4,3,breast_cancer
f_test,0.013433146002847396,4,3,breast_cancer
pimp,0.013433146002847396,4,3,breast_cancer
shap,0.013433146002847396,4,3,breast_cancer
pearson,0.013433146002847396,4,3,breast_cancer
spearman,0.013433146002847396,4,3,breast_cancer
kendall,0.013433146002847396,4,3,breast_cancer
pps,0.000417204511311553,4,3,breast_cancer
gini,0.0,5,3,breast_cancer
mutual_info,0.0,5,3,breast_cancer
f_test,0.0,5,3,breast_cancer
pimp,0.0,5,3,breast_cancer
shap,0.0,5,3,breast_cancer
pearson,0.0,5,3,breast_cancer
spearman,0.0,5,3,breast_cancer
kendall,0.0,5,3,breast_cancer
pps,-0.013255088464226739,5,3,breast_cancer
gini,0.013433146002847396,6,3,breast_cancer
mutual_info,0.013433146002847396,6,3,breast_cancer
f_test,0.013433146002847396,6,3,breast_cancer
pimp,0.013433146002847396,6,3,breast_cancer
shap,0.013433146002847396,6,3,breast_cancer
pearson,0.013433146002847396,6,3,breast_cancer
spearman,0.013433146002847396,6,3,breast_cancer
kendall,0.013433146002847396,6,3,breast_cancer
pps,0.00021340505977951452,6,3,breast_cancer
gini,0.02712285947532722,7,3,breast_cancer
mutual_info,0.013433146002847396,7,3,breast_cancer
f_test,0.013433146002847396,7,3,breast_cancer
pimp,0.013433146002847396,7,3,breast_cancer
shap,0.02712285947532722,7,3,breast_cancer
pearson,0.013433146002847396,7,3,breast_cancer
spearman,0.013433146002847396,7,3,breast_cancer
kendall,0.013433146002847396,7,3,breast_cancer
pps,0.013433146002847396,7,3,breast_cancer
gini,0.0,8,3,breast_cancer
mutual_info,1.6396631153048347e-05,8,3,breast_cancer
f_test,0.0,8,3,breast_cancer
pimp,0.0,8,3,breast_cancer
shap,0.0,8,3,breast_cancer
pearson,0.0,8,3,breast_cancer
spearman,1.6396631153048347e-05,8,3,breast_cancer
kendall,1.6396631153048347e-05,8,3,breast_cancer
pps,-0.012843414035620282,8,3,breast_cancer
gini,0.013216920385382913,9,3,breast_cancer
mutual_info,0.013216920385382913,9,3,breast_cancer
f_test,0.013216920385382913,9,3,breast_cancer
pimp,0.013216920385382913,9,3,breast_cancer
shap,0.013216920385382913,9,3,breast_cancer
pearson,0.013216920385382913,9,3,breast_cancer
spearman,0.013216920385382913,9,3,breast_cancer
kendall,0.013216920385382913,9,3,breast_cancer
pps,-0.00021335952777667977,9,3,breast_cancer
gini,0.013304354222222203,0,4,breast_cancer
mutual_info,0.013304354222222203,0,4,breast_cancer
f_test,0.0,0,4,breast_cancer
pimp,0.013304354222222203,0,4,breast_cancer
shap,0.013304354222222203,0,4,breast_cancer
pearson,0.0,0,4,breast_cancer
spearman,0.013304354222222203,0,4,breast_cancer
kendall,0.013304354222222203,0,4,breast_cancer
pps,0.013304354222222203,0,4,breast_cancer
gini,0.0,1,4,breast_cancer
mutual_info,0.013187382751271626,1,4,breast_cancer
f_test,0.0,1,4,breast_cancer
pimp,-0.01312967240966223,1,4,breast_cancer
shap,0.0,1,4,breast_cancer
pearson,0.0,1,4,breast_cancer
spearman,0.013187382751271626,1,4,breast_cancer
kendall,0.013187382751271626,1,4,breast_cancer
pps,0.013187382751271626,1,4,breast_cancer
gini,0.0,2,4,breast_cancer
mutual_info,0.013187382751271626,2,4,breast_cancer
f_test,0.013187382751271626,2,4,breast_cancer
pimp,-0.0013667659051180836,2,4,breast_cancer
shap,0.013187382751271626,2,4,breast_cancer
pearson,0.013187382751271626,2,4,breast_cancer
spearman,0.013187382751271626,2,4,breast_cancer
kendall,0.013187382751271626,2,4,breast_cancer
pps,0.013187382751271626,2,4,breast_cancer
gini,0.026667186584880653,3,4,breast_cancer
mutual_info,0.013304354222222203,3,4,breast_cancer
f_test,0.013304354222222203,3,4,breast_cancer
pimp,0.013304354222222203,3,4,breast_cancer
shap,0.013304354222222203,3,4,breast_cancer
pearson,0.013304354222222203,3,4,breast_cancer
spearman,0.0,3,4,breast_cancer
kendall,0.0,3,4,breast_cancer
pps,0.013304354222222203,3,4,breast_cancer
gini,0.013304354222222203,4,4,breast_cancer
mutual_info,0.013304354222222203,4,4,breast_cancer
f_test,0.013304354222222203,4,4,breast_cancer
pimp,0.013304354222222203,4,4,breast_cancer
shap,0.040092347744533186,4,4,breast_cancer
pearson,0.013304354222222203,4,4,breast_cancer
spearman,0.0,4,4,breast_cancer
kendall,0.0,4,4,breast_cancer
pps,0.011919404379363563,4,4,breast_cancer
gini,0.04045289971460875,5,4,breast_cancer
mutual_info,0.026910636104941155,5,4,breast_cancer
f_test,0.026910636104941155,5,4,breast_cancer
pimp,0.026910636104941155,5,4,breast_cancer
shap,0.04045289971460875,5,4,breast_cancer
pearson,0.026910636104941155,5,4,breast_cancer
spearman,0.04045289971460875,5,4,breast_cancer
kendall,0.04045289971460875,5,4,breast_cancer
pps,0.026910636104941155,5,4,breast_cancer
gini,0.05940594059405946,6,4,breast_cancer
mutual_info,0.05940594059405946,6,4,breast_cancer
f_test,0.05940594059405946,6,4,breast_cancer
pimp,0.05940594059405946,6,4,breast_cancer
shap,0.05940594059405946,6,4,breast_cancer
pearson,0.05940594059405946,6,4,breast_cancer
spearman,0.05940594059405946,6,4,breast_cancer
kendall,0.05940594059405946,6,4,breast_cancer
pps,0.0721783516312926,6,4,breast_cancer
gini,0.026667186584880653,7,4,breast_cancer
mutual_info,0.013304354222222203,7,4,breast_cancer
f_test,0.013304354222222203,7,4,breast_cancer
pimp,0.0,7,4,breast_cancer
shap,0.013304354222222203,7,4,breast_cancer
pearson,0.013304354222222203,7,4,breast_cancer
spearman,0.013304354222222203,7,4,breast_cancer
kendall,0.013304354222222203,7,4,breast_cancer
pps,0.026667186584880653,7,4,breast_cancer
gini,0.013187382751271626,8,4,breast_cancer
mutual_info,0.0,8,4,breast_cancer
f_test,0.0,8,4,breast_cancer
pimp,0.0,8,4,breast_cancer
shap,0.013187382751271626,8,4,breast_cancer
pearson,0.0,8,4,breast_cancer
spearman,0.013187382751271626,8,4,breast_cancer
kendall,0.013187382751271626,8,4,breast_cancer
pps,0.0,8,4,breast_cancer
gini,0.04045289971460875,9,4,breast_cancer
mutual_info,0.026910636104941155,9,4,breast_cancer
f_test,0.026910636104941155,9,4,breast_cancer
pimp,0.026910636104941155,9,4,breast_cancer
shap,0.026910636104941155,9,4,breast_cancer
pearson,0.026910636104941155,9,4,breast_cancer
spearman,0.026910636104941155,9,4,breast_cancer
kendall,0.026910636104941155,9,4,breast_cancer
pps,0.0134276358588854,9,4,breast_cancer
gini,0.0,0,5,breast_cancer
mutual_info,0.0,0,5,breast_cancer
f_test,0.0,0,5,breast_cancer
pimp,-0.0008523541037599447,0,5,breast_cancer
shap,0.012379665645546156,0,5,breast_cancer
pearson,0.0,0,5,breast_cancer
spearman,0.0,0,5,breast_cancer
kendall,0.0,0,5,breast_cancer
pps,-0.0010954880284946844,0,5,breast_cancer
gini,0.040139396781248005,1,5,breast_cancer
mutual_info,0.027420277271176685,1,5,breast_cancer
f_test,0.040139396781248005,1,5,breast_cancer
pimp,0.03965295158075066,1,5,breast_cancer
shap,0.040139396781248005,1,5,breast_cancer
pearson,0.040139396781248005,1,5,breast_cancer
spearman,0.040139396781248005,1,5,breast_cancer
kendall,0.040139396781248005,1,5,breast_cancer
pps,0.03965295158075066,1,5,breast_cancer
gini,0.0,2,5,breast_cancer
mutual_info,0.0,2,5,breast_cancer
f_test,0.0,2,5,breast_cancer
pimp,0.011906202924147014,2,5,breast_cancer
shap,0.012379665645546156,2,5,breast_cancer
pearson,0.0,2,5,breast_cancer
spearman,0.0,2,5,breast_cancer
kendall,0.0,2,5,breast_cancer
pps,0.0,2,5,breast_cancer
gini,0.026110856619331324,3,5,breast_cancer
mutual_info,0.013563282076620498,3,5,breast_cancer
f_test,0.026110856619331324,3,5,breast_cancer
pimp,0.025630972189489176,3,5,breast_cancer
shap,0.026110856619331324,3,5,breast_cancer
pearson,0.026110856619331324,3,5,breast_cancer
spearman,0.013563282076620498,3,5,breast_cancer
kendall,0.013563282076620498,3,5,breast_cancer
pps,0.03888590767416478,3,5,breast_cancer
gini,0.026110856619331324,4,5,breast_cancer
mutual_info,0.013563282076620498,4,5,breast_cancer
f_test,0.013563282076620498,4,5,breast_cancer
pimp,0.013563282076620498,4,5,breast_cancer
shap,0.013563282076620498,4,5,breast_cancer
pearson,0.013563282076620498,4,5,breast_cancer
spearman,0.013563282076620498,4,5,breast_cancer
kendall,0.013563282076620498,4,5,breast_cancer
pps,-0.012476279407018676,4,5,breast_cancer
gini,0.026110856619331324,5,5,breast_cancer
mutual_info,0.013563282076620498,5,5,breast_cancer
f_test,0.013563282076620498,5,5,breast_cancer
pimp,0.013563282076620498,5,5,breast_cancer
shap,0.013563282076620498,5,5,breast_cancer
pearson,0.013563282076620498,5,5,breast_cancer
spearman,0.013563282076620498,5,5,breast_cancer
kendall,0.013563282076620498,5,5,breast_cancer
pps,0.013563282076620498,5,5,breast_cancer
gini,0.012379665645546156,6,5,breast_cancer
mutual_info,0.0,6,5,breast_cancer
f_test,0.0,6,5,breast_cancer
pimp,-0.0008523541037599447,6,5,breast_cancer
shap,0.0,6,5,breast_cancer
pearson,0.0,6,5,breast_cancer
spearman,0.0,6,5,breast_cancer
kendall,0.0,6,5,breast_cancer
pps,0.011906202924147014,6,5,breast_cancer
gini,0.0,7,5,breast_cancer
mutual_info,0.0,7,5,breast_cancer
f_test,0.0,7,5,breast_cancer
pimp,0.0,7,5,breast_cancer
shap,0.0,7,5,breast_cancer
pearson,0.0,7,5,breast_cancer
spearman,0.0,7,5,breast_cancer
kendall,0.0,7,5,breast_cancer
pps,0.0,7,5,breast_cancer
gini,0.039074642179915964,8,5,breast_cancer
mutual_info,0.02636854279105627,8,5,breast_cancer
f_test,0.02636854279105627,8,5,breast_cancer
pimp,0.02636854279105627,8,5,breast_cancer
shap,0.02636854279105627,8,5,breast_cancer
pearson,0.02636854279105627,8,5,breast_cancer
spearman,0.02636854279105627,8,5,breast_cancer
kendall,0.02636854279105627,8,5,breast_cancer
pps,0.012633903517301759,8,5,breast_cancer
gini,0.0,9,5,breast_cancer
mutual_info,0.0,9,5,breast_cancer
f_test,0.0,9,5,breast_cancer
pimp,0.0,9,5,breast_cancer
shap,0.012379665645546156,9,5,breast_cancer
pearson,0.0,9,5,breast_cancer
spearman,0.0,9,5,breast_cancer
kendall,0.0,9,5,breast_cancer
pps,-0.013381781203470111,9,5,breast_cancer
gini,0.013579656040405785,0,6,breast_cancer
mutual_info,0.0,0,6,breast_cancer
f_test,0.013363399163629053,0,6,breast_cancer
pimp,-0.013124320371570963,0,6,breast_cancer
shap,0.013363399163629053,0,6,breast_cancer
pearson,0.013363399163629053,0,6,breast_cancer
spearman,0.01378617894535794,0,6,breast_cancer
kendall,0.01378617894535794,0,6,breast_cancer
pps,0.026976057658535613,0,6,breast_cancer
gini,0.013027123406374574,1,6,breast_cancer
mutual_info,0.0,1,6,breast_cancer
f_test,0.013027123406374574,1,6,breast_cancer
pimp,-0.01359870476800118,1,6,breast_cancer
shap,0.0,1,6,breast_cancer
pearson,0.013027123406374574,1,6,breast_cancer
spearman,0.0,1,6,breast_cancer
kendall,0.0,1,6,breast_cancer
pps,0.0,1,6,breast_cancer
gini,0.028138110382894377,2,6,breast_cancer
mutual_info,0.02793661166476058,2,6,breast_cancer
f_test,0.028395397445502013,2,6,breast_cancer
pimp,0.02793661166476058,2,6,breast_cancer
shap,0.028138110382894377,2,6,breast_cancer
pearson,0.028395397445502013,2,6,breast_cancer
spearman,0.028138110382894377,2,6,breast_cancer
kendall,0.028138110382894377,2,6,breast_cancer
pps,0.042099872283926976,2,6,breast_cancer
gini,0.04161296404248738,3,6,breast_cancer
mutual_info,0.04161296404248738,3,6,breast_cancer
f_test,0.04161296404248738,3,6,breast_cancer
pimp,0.02787703295991739,3,6,breast_cancer
shap,0.04161296404248738,3,6,breast_cancer
pearson,0.04161296404248738,3,6,breast_cancer
spearman,0.04161296404248738,3,6,breast_cancer
kendall,0.04161296404248738,3,6,breast_cancer
pps,0.05626850937808481,3,6,breast_cancer
gini,0.027428275964664683,4,6,breast_cancer
mutual_info,0.0278569236764461,4,6,breast_cancer
f_test,0.027428275964664683,4,6,breast_cancer
pimp,0.027428275964664683,4,6,breast_cancer
shap,0.027428275964664683,4,6,breast_cancer
pearson,0.027428275964664683,4,6,breast_cancer
spearman,0.013879400827624178,4,6,breast_cancer
kendall,0.013879400827624178,4,6,breast_cancer
pps,0.027428275964664683,4,6,breast_cancer
gini,0.027456647398844014,5,6,breast_cancer
mutual_info,0.013907398122772863,5,6,breast_cancer
f_test,0.027456647398844014,5,6,breast_cancer
pimp,0.013708688397916724,5,6,breast_cancer
shap,0.027456647398844014,5,6,breast_cancer
pearson,0.027456647398844014,5,6,breast_cancer
spearman,0.013907398122772863,5,6,breast_cancer
kendall,0.013907398122772863,5,6,breast_cancer
pps,0.04191301266706682,5,6,breast_cancer
gini,0.05587322332952138,6,6,breast_cancer
mutual_info,0.042099872283926976,6,6,breast_cancer
f_test,0.042099872283926976,6,6,breast_cancer
pimp,0.028395397445502013,6,6,breast_cancer
shap,0.042099872283926976,6,6,breast_cancer
pearson,0.042099872283926976,6,6,breast_cancer
spearman,0.042099872283926976,6,6,breast_cancer
kendall,0.042099872283926976,6,6,breast_cancer
pps,0.04231220635317534,6,6,breast_cancer
gini,0.013363399163629053,7,6,breast_cancer
mutual_info,0.0,7,6,breast_cancer
f_test,0.013363399163629053,7,6,breast_cancer
pimp,-0.013689400155772469,7,6,breast_cancer
shap,0.013363399163629053,7,6,breast_cancer
pearson,0.013363399163629053,7,6,breast_cancer
spearman,0.0,7,6,breast_cancer
kendall,0.0,7,6,breast_cancer
pps,0.01446257237572146,7,6,breast_cancer
gini,0.027456647398844014,8,6,breast_cancer
mutual_info,0.027456647398844014,8,6,breast_cancer
f_test,0.04127569568851763,8,6,breast_cancer
pimp,0.013907398122772863,8,6,breast_cancer
shap,0.027456647398844014,8,6,breast_cancer
pearson,0.04127569568851763,8,6,breast_cancer
spearman,0.027456647398844014,8,6,breast_cancer
kendall,0.027456647398844014,8,6,breast_cancer
pps,0.04127569568851763,8,6,breast_cancer
gini,0.041877530347280256,9,6,breast_cancer
mutual_info,0.028138110382894377,9,6,breast_cancer
f_test,0.041877530347280256,9,6,breast_cancer
pimp,0.028138110382894377,9,6,breast_cancer
shap,0.028138110382894377,9,6,breast_cancer
pearson,0.041877530347280256,9,6,breast_cancer
spearman,0.028138110382894377,9,6,breast_cancer
kendall,0.028138110382894377,9,6,breast_cancer
pps,0.05589053609330863,9,6,breast_cancer
gini,-0.012540115718804756,0,7,breast_cancer
mutual_info,-0.012540115718804756,0,7,breast_cancer
f_test,-0.012540115718804756,0,7,breast_cancer
pimp,-0.02485994113831924,0,7,breast_cancer
shap,-0.012540115718804756,0,7,breast_cancer
pearson,-0.012540115718804756,0,7,breast_cancer
spearman,-0.012540115718804756,0,7,breast_cancer
kendall,-0.012540115718804756,0,7,breast_cancer
pps,-0.013167892184505425,0,7,breast_cancer
gini,0.013671563916725082,1,7,breast_cancer
mutual_info,0.013671563916725082,1,7,breast_cancer
f_test,0.013671563916725082,1,7,breast_cancer
pimp,0.013671563916725082,1,7,breast_cancer
shap,0.013671563916725082,1,7,breast_cancer
pearson,0.013671563916725082,1,7,breast_cancer
spearman,0.013671563916725082,1,7,breast_cancer
kendall,0.013671563916725082,1,7,breast_cancer
pps,0.013671563916725082,1,7,breast_cancer
gini,0.027646221488701883,2,7,breast_cancer
mutual_info,0.027646221488701883,2,7,breast_cancer
f_test,0.02891473461442673,2,7,breast_cancer
pimp,0.04069667826228662,2,7,breast_cancer
shap,0.027646221488701883,2,7,breast_cancer
pearson,0.02891473461442673,2,7,breast_cancer
spearman,0.027646221488701883,2,7,breast_cancer
kendall,0.027646221488701883,2,7,breast_cancer
pps,0.027646221488701883,2,7,breast_cancer
gini,-0.013381781203470111,3,7,breast_cancer
mutual_info,-0.0008523541037599447,3,7,breast_cancer
f_test,-0.025691105769230727,3,7,breast_cancer
pimp,-0.012163912510477992,3,7,breast_cancer
shap,-0.013381781203470111,3,7,breast_cancer
pearson,-0.025691105769230727,3,7,breast_cancer
spearman,-0.0008523541037599447,3,7,breast_cancer
kendall,-0.0008523541037599447,3,7,breast_cancer
pps,-0.014009022581323971,3,7,breast_cancer
gini,0.026810912511759266,4,7,breast_cancer
mutual_info,0.026810912511759266,4,7,breast_cancer
f_test,0.026810912511759266,4,7,breast_cancer
pimp,0.026810912511759266,4,7,breast_cancer
shap,0.03985076138987531,4,7,breast_cancer
pearson,0.026810912511759266,4,7,breast_cancer
spearman,0.012962135925234985,4,7,breast_cancer
kendall,0.012962135925234985,4,7,breast_cancer
pps,0.026810912511759266,4,7,breast_cancer
gini,0.04131274354194603,5,7,breast_cancer
mutual_info,0.04131274354194603,5,7,breast_cancer
f_test,0.04131274354194603,5,7,breast_cancer
pimp,0.05543636201258484,5,7,breast_cancer
shap,0.05543636201258484,5,7,breast_cancer
pearson,0.04131274354194603,5,7,breast_cancer
spearman,0.05543636201258484,5,7,breast_cancer
kendall,0.05543636201258484,5,7,breast_cancer
pps,0.028321034803427514,5,7,breast_cancer
gini,0.013671563916725082,6,7,breast_cancer
mutual_info,0.013671563916725082,6,7,breast_cancer
f_test,0.013671563916725082,6,7,breast_cancer
pimp,0.013671563916725082,6,7,breast_cancer
shap,0.013671563916725082,6,7,breast_cancer
pearson,0.013671563916725082,6,7,breast_cancer
spearman,0.013671563916725082,6,7,breast_cancer
kendall,0.013671563916725082,6,7,breast_cancer
pps,0.013027123406374574,6,7,breast_cancer
gini,0.041342571797633676,7,7,breast_cancer
mutual_info,0.04005873682447003,7,7,breast_cancer
f_test,0.04005873682447003,7,7,breast_cancer
pimp,0.02708267342413695,7,7,breast_cancer
shap,0.041342571797633676,7,7,breast_cancer
pearson,0.04005873682447003,7,7,breast_cancer
spearman,0.04005873682447003,7,7,breast_cancer
kendall,0.04005873682447003,7,7,breast_cancer
pps,0.04005873682447003,7,7,breast_cancer
gini,0.013671563916725082,8,7,breast_cancer
mutual_info,0.013671563916725082,8,7,breast_cancer
f_test,0.013671563916725082,8,7,breast_cancer
pimp,0.013671563916725082,8,7,breast_cancer
shap,0.013671563916725082,8,7,breast_cancer
pearson,0.013671563916725082,8,7,breast_cancer
spearman,0.013671563916725082,8,7,breast_cancer
kendall,0.013671563916725082,8,7,breast_cancer
pps,0.013671563916725082,8,7,breast_cancer
gini,0.04069667826228662,9,7,breast_cancer
mutual_info,0.027646221488701883,9,7,breast_cancer
f_test,0.01378617894535794,9,7,breast_cancer
pimp,0.027646221488701883,9,7,breast_cancer
shap,0.04069667826228662,9,7,breast_cancer
pearson,0.01378617894535794,9,7,breast_cancer
spearman,0.01378617894535794,9,7,breast_cancer
kendall,0.01378617894535794,9,7,breast_cancer
pps,0.027646221488701883,9,7,breast_cancer
gini,0.013806012944800994,0,8,breast_cancer
mutual_info,0.027675585408806214,0,8,breast_cancer
f_test,0.0,0,8,breast_cancer
pimp,0.0,0,8,breast_cancer
shap,0.0,0,8,breast_cancer
pearson,0.0,0,8,breast_cancer
spearman,0.027675585408806214,0,8,breast_cancer
kendall,0.027675585408806214,0,8,breast_cancer
pps,0.01449804344439709,0,8,breast_cancer
gini,0.013680696589792651,1,8,breast_cancer
mutual_info,0.013680696589792651,1,8,breast_cancer
f_test,0.013680696589792651,1,8,breast_cancer
pimp,0.013680696589792651,1,8,breast_cancer
shap,0.013680696589792651,1,8,breast_cancer
pearson,0.013680696589792651,1,8,breast_cancer
spearman,0.013680696589792651,1,8,breast_cancer
kendall,0.013680696589792651,1,8,breast_cancer
pps,0.013680696589792651,1,8,breast_cancer
gini,0.0279367427986843,2,8,breast_cancer
mutual_info,0.04199963349041269,2,8,breast_cancer
f_test,0.04199963349041269,2,8,breast_cancer
pimp,0.013938297537649857,2,8,breast_cancer
shap,0.04199963349041269,2,8,breast_cancer
pearson,0.04199963349041269,2,8,breast_cancer
spearman,0.04199963349041269,2,8,breast_cancer
kendall,0.04199963349041269,2,8,breast_cancer
pps,0.0279367427986843,2,8,breast_cancer
gini,0.04250334359957897,3,8,breast_cancer
mutual_info,0.02843365480545401,3,8,breast_cancer
f_test,0.02843365480545401,3,8,breast_cancer
pimp,0.02843365480545401,3,8,breast_cancer
shap,0.04250334359957897,3,8,breast_cancer
pearson,0.02843365480545401,3,8,breast_cancer
spearman,0.02843365480545401,3,8,breast_cancer
kendall,0.02843365480545401,3,8,breast_cancer
pps,0.02843365480545401,3,8,breast_cancer
gini,0.0,4,8,breast_cancer
mutual_info,0.0,4,8,breast_cancer
f_test,0.0,4,8,breast_cancer
pimp,-0.013496061073094312,4,8,breast_cancer
shap,0.0,4,8,breast_cancer
pearson,0.0,4,8,breast_cancer
spearman,0.0,4,8,breast_cancer
kendall,0.0,4,8,breast_cancer
pps,0.0,4,8,breast_cancer
gini,0.042407916097088716,5,8,breast_cancer
mutual_info,0.05666878252001095,5,8,breast_cancer
f_test,0.05666878252001095,5,8,breast_cancer
pimp,0.042407916097088716,5,8,breast_cancer
shap,0.05666878252001095,5,8,breast_cancer
pearson,0.05666878252001095,5,8,breast_cancer
spearman,0.05666878252001095,5,8,breast_cancer
kendall,0.05666878252001095,5,8,breast_cancer
pps,0.05666878252001095,5,8,breast_cancer
gini,0.0,6,8,breast_cancer
mutual_info,0.013680696589792651,6,8,breast_cancer
f_test,0.0,6,8,breast_cancer
pimp,0.0,6,8,breast_cancer
shap,0.013680696589792651,6,8,breast_cancer
pearson,0.0,6,8,breast_cancer
spearman,0.0,6,8,breast_cancer
kendall,0.0,6,8,breast_cancer
pps,0.0006826064264364717,6,8,breast_cancer
gini,0.013806012944800994,7,8,breast_cancer
mutual_info,0.0,7,8,breast_cancer
f_test,0.0,7,8,breast_cancer
pimp,0.013778018449228213,7,8,breast_cancer
shap,0.013806012944800994,7,8,breast_cancer
pearson,0.0,7,8,breast_cancer
spearman,0.013806012944800994,7,8,breast_cancer
kendall,0.013806012944800994,7,8,breast_cancer
pps,0.027675585408806214,7,8,breast_cancer
gini,0.04199963349041269,8,8,breast_cancer
mutual_info,0.04199963349041269,8,8,breast_cancer
f_test,0.04199963349041269,8,8,breast_cancer
pimp,0.0279367427986843,8,8,breast_cancer
shap,0.04199963349041269,8,8,breast_cancer
pearson,0.04199963349041269,8,8,breast_cancer
spearman,0.04199963349041269,8,8,breast_cancer
kendall,0.04199963349041269,8,8,breast_cancer
pps,0.04199963349041269,8,8,breast_cancer
gini,0.0,9,8,breast_cancer
mutual_info,0.0,9,8,breast_cancer
f_test,0.0,9,8,breast_cancer
pimp,0.013680696589792651,9,8,breast_cancer
shap,0.013680696589792651,9,8,breast_cancer
pearson,0.0,9,8,breast_cancer
spearman,0.0,9,8,breast_cancer
kendall,0.0,9,8,breast_cancer
pps,0.0,9,8,breast_cancer
gini,0.013585829309050057,0,9,breast_cancer
mutual_info,0.013195055505909048,0,9,breast_cancer
f_test,0.013585829309050057,0,9,breast_cancer
pimp,0.041500292312232956,0,9,breast_cancer
shap,0.02803278688524591,0,9,breast_cancer
pearson,0.013585829309050057,0,9,breast_cancer
spearman,0.027415769670711354,0,9,breast_cancer
kendall,0.027415769670711354,0,9,breast_cancer
pps,0.05606557377049182,0,9,breast_cancer
gini,0.02803278688524591,1,9,breast_cancer
mutual_info,0.014600107561480558,1,9,breast_cancer
f_test,0.02803278688524591,1,9,breast_cancer
pimp,0.08383455471043266,1,9,breast_cancer
shap,0.02803278688524591,1,9,breast_cancer
pearson,0.02803278688524591,1,9,breast_cancer
spearman,0.0556251621905719,1,9,breast_cancer
kendall,0.0556251621905719,1,9,breast_cancer
pps,0.0440213432041634,1,9,breast_cancer
gini,0.05706657767395318,2,9,breast_cancer
mutual_info,0.056859409436308184,2,9,breast_cancer
f_test,0.056859409436308184,2,9,breast_cancer
pimp,0.07119258029394127,2,9,breast_cancer
shap,0.05706657767395318,2,9,breast_cancer
pearson,0.056859409436308184,2,9,breast_cancer
spearman,0.056859409436308184,2,9,breast_cancer
kendall,0.056859409436308184,2,9,breast_cancer
pps,0.059417638537607065,2,9,breast_cancer
gini,0.04253182689592694,3,9,breast_cancer
mutual_info,0.04253182689592694,3,9,breast_cancer
f_test,0.02884930520218565,3,9,breast_cancer
pimp,0.04337992481068764,3,9,breast_cancer
shap,0.04253182689592694,3,9,breast_cancer
pearson,0.02884930520218565,3,9,breast_cancer
spearman,0.04253182689592694,3,9,breast_cancer
kendall,0.04253182689592694,3,9,breast_cancer
pps,0.05798738218229893,3,9,breast_cancer
gini,0.05646359583952454,4,9,breast_cancer
mutual_info,0.04253182689592694,4,9,breast_cancer
f_test,0.02884930520218565,4,9,breast_cancer
pimp,0.05668905051634954,4,9,breast_cancer
shap,0.04253182689592694,4,9,breast_cancer
pearson,0.02884930520218565,4,9,breast_cancer
spearman,0.04253182689592694,4,9,breast_cancer
kendall,0.04253182689592694,4,9,breast_cancer
pps,0.04485056048290881,4,9,breast_cancer
gini,0.04253182689592694,5,9,breast_cancer
mutual_info,0.02884930520218565,5,9,breast_cancer
f_test,0.02884930520218565,5,9,breast_cancer
pimp,0.04337992481068764,5,9,breast_cancer
shap,0.04253182689592694,5,9,breast_cancer
pearson,0.02884930520218565,5,9,breast_cancer
spearman,0.02884930520218565,5,9,breast_cancer
kendall,0.02884930520218565,5,9,breast_cancer
pps,0.04485056048290881,5,9,breast_cancer
gini,0.027741726151849555,6,9,breast_cancer
mutual_info,0.014253314478601231,6,9,breast_cancer
f_test,0.014253314478601231,6,9,breast_cancer
pimp,0.055483452303698666,6,9,breast_cancer
shap,0.027741726151849555,6,9,breast_cancer
pearson,0.014253314478601231,6,9,breast_cancer
spearman,0.013644567595315626,6,9,breast_cancer
kendall,0.013644567595315626,6,9,breast_cancer
pps,0.030027564528857686,6,9,breast_cancer
gini,0.026598783990294583,7,9,breast_cancer
mutual_info,0.0259826274530488,7,9,breast_cancer
f_test,0.0259826274530488,7,9,breast_cancer
pimp,0.06833077416550659,7,9,breast_cancer
shap,0.026598783990294583,7,9,breast_cancer
pearson,0.0259826274530488,7,9,breast_cancer
spearman,0.026598783990294583,7,9,breast_cancer
kendall,0.026598783990294583,7,9,breast_cancer
pps,0.04109761909208065,7,9,breast_cancer
gini,0.05580114727651497,8,9,breast_cancer
mutual_info,0.04194447477098584,8,9,breast_cancer
f_test,0.04194447477098584,8,9,breast_cancer
pimp,0.06991023944498842,8,9,breast_cancer
shap,0.07013856370359584,8,9,breast_cancer
pearson,0.04194447477098584,8,9,breast_cancer
spearman,0.05580114727651497,8,9,breast_cancer
kendall,0.05580114727651497,8,9,breast_cancer
pps,0.04320075513702459,8,9,breast_cancer
gini,0.01403551476837972,9,9,breast_cancer
mutual_info,0.01403551476837972,9,9,breast_cancer
f_test,0.0013867537626996995,9,9,breast_cancer
pimp,0.014644496436007737,9,9,breast_cancer
shap,0.014644496436007737,9,9,breast_cancer
pearson,0.0013867537626996995,9,9,breast_cancer
spearman,0.00038568467247990235,9,9,breast_cancer
kendall,0.00038568467247990235,9,9,breast_cancer
pps,0.028138110382894377,9,9,breast_cancer
gini,0.004621039188507758,0,1,phishing
mutual_info,0.001997175533752671,0,1,phishing
f_test,0.004621039188507758,0,1,phishing
pimp,0.0013515449619789788,0,1,phishing
shap,0.004621039188507758,0,1,phishing
pearson,0.004621039188507758,0,1,phishing
spearman,0.004621039188507758,0,1,phishing
kendall,0.004621039188507758,0,1,phishing
pps,-0.03677578852370933,0,1,phishing
gini,-0.000660241517987159,1,1,phishing
mutual_info,-0.0005753476644122513,1,1,phishing
f_test,-0.0006604643011242084,1,1,phishing
pimp,-0.0006443488441778555,1,1,phishing
shap,1.2223140154032919e-05,1,1,phishing
pearson,-0.0006604643011242084,1,1,phishing
spearman,-0.0006604643011242084,1,1,phishing
kendall,-0.0006604643011242084,1,1,phishing
pps,-0.03878480828572628,1,1,phishing
gini,0.004630225962842793,2,1,phishing
mutual_info,0.007295903338736975,2,1,phishing
f_test,0.005936367191615277,2,1,phishing
pimp,0.005264905225325078,2,1,phishing
shap,0.004615005389686511,2,1,phishing
pearson,0.005936367191615277,2,1,phishing
spearman,0.005936367191615277,2,1,phishing
kendall,0.005936367191615277,2,1,phishing
pps,-0.0367916991192192,2,1,phishing
gini,-0.0012973746167603828,3,1,phishing
mutual_info,-0.0032414068879579316,3,1,phishing
f_test,-0.003298924733119879,3,1,phishing
pimp,-0.001945655419670178,3,1,phishing
shap,-0.0012973746167603828,3,1,phishing
pearson,-0.003298924733119879,3,1,phishing
spearman,-0.003298924733119879,3,1,phishing
kendall,-0.003298924733119879,3,1,phishing
pps,-0.04631018521902697,3,1,phishing
gini,-0.0006462961923447974,4,1,phishing
mutual_info,-0.0013122636534325105,4,1,phishing
f_test,1.262487915898447e-05,4,1,phishing
pimp,-0.0006462961923447974,4,1,phishing
shap,-0.0013112542935970195,4,1,phishing
pearson,1.262487915898447e-05,4,1,phishing
spearman,1.262487915898447e-05,4,1,phishing
kendall,1.262487915898447e-05,4,1,phishing
pps,-0.046397533586303275,4,1,phishing
gini,0.00594285566586672,5,1,phishing
mutual_info,0.005277416372957644,5,1,phishing
f_test,0.00327630483440422,5,1,phishing
pimp,0.004612461864359707,5,1,phishing
shap,0.00594285566586672,5,1,phishing
pearson,0.00327630483440422,5,1,phishing
spearman,0.00327630483440422,5,1,phishing
kendall,0.00327630483440422,5,1,phishing
pps,-0.037387923636518106,5,1,phishing
gini,0.001313318686316789,6,1,phishing
mutual_info,-0.0006562483006337105,6,1,phishing
f_test,0.0006616470987663714,6,1,phishing
pimp,0.0026355862947922137,6,1,phishing
shap,0.0026417711294641766,6,1,phishing
pearson,0.0006616470987663714,6,1,phishing
spearman,0.0006616470987663714,6,1,phishing
kendall,0.0006616470987663714,6,1,phishing
pps,-0.04072803669877656,6,1,phishing
gini,0.007959608808817187,7,1,phishing
mutual_info,0.007966287178608367,7,1,phishing
f_test,0.009275429200084284,7,1,phishing
pimp,0.012591391257871232,7,1,phishing
shap,0.00795444646566934,7,1,phishing
pearson,0.009275429200084284,7,1,phishing
spearman,0.009275429200084284,7,1,phishing
kendall,0.009275429200084284,7,1,phishing
pps,-0.031763786795748095,7,1,phishing
gini,0.0026015881354681802,8,1,phishing
mutual_info,-0.0013277549967326552,8,1,phishing
f_test,-2.1645583423768322e-05,8,1,phishing
pimp,0.0006368807946728339,8,1,phishing
shap,0.0013033046289414596,8,1,phishing
pearson,-2.1645583423768322e-05,8,1,phishing
spearman,-2.1645583423768322e-05,8,1,phishing
kendall,-2.1645583423768322e-05,8,1,phishing
pps,-0.045168457521557515,8,1,phishing
gini,-0.0019557940470924517,9,1,phishing
mutual_info,-0.0019749384133823655,9,1,phishing
f_test,-0.004615534393378584,9,1,phishing
pimp,-0.004602933858833813,9,1,phishing
shap,-0.0019886510489059983,9,1,phishing
pearson,-0.004615534393378584,9,1,phishing
spearman,-0.004615534393378584,9,1,phishing
kendall,-0.004615534393378584,9,1,phishing
pps,-0.04251507847866698,9,1,phishing
gini,,0,0,phishing
mutual_info,,0,0,phishing
f_test,,0,0,phishing
pimp,,0,0,phishing
shap,,0,0,phishing
pearson,,0,0,phishing
spearman,,0,0,phishing
kendall,,0,0,phishing
pps,,0,0,phishing
gini,,1,0,phishing
mutual_info,,1,0,phishing
f_test,,1,0,phishing
pimp,,1,0,phishing
shap,,1,0,phishing
pearson,,1,0,phishing
spearman,,1,0,phishing
kendall,,1,0,phishing
pps,,1,0,phishing
gini,,2,0,phishing
mutual_info,,2,0,phishing
f_test,,2,0,phishing
pimp,,2,0,phishing
shap,,2,0,phishing
pearson,,2,0,phishing
spearman,,2,0,phishing
kendall,,2,0,phishing
pps,,2,0,phishing
gini,,3,0,phishing
mutual_info,,3,0,phishing
f_test,,3,0,phishing
pimp,,3,0,phishing
shap,,3,0,phishing
pearson,,3,0,phishing
spearman,,3,0,phishing
kendall,,3,0,phishing
pps,,3,0,phishing
gini,,4,0,phishing
mutual_info,,4,0,phishing
f_test,,4,0,phishing
pimp,,4,0,phishing
shap,,4,0,phishing
pearson,,4,0,phishing
spearman,,4,0,phishing
kendall,,4,0,phishing
pps,,4,0,phishing
gini,,5,0,phishing
mutual_info,,5,0,phishing
f_test,,5,0,phishing
pimp,,5,0,phishing
shap,,5,0,phishing
pearson,,5,0,phishing
spearman,,5,0,phishing
kendall,,5,0,phishing
pps,,5,0,phishing
gini,,6,0,phishing
mutual_info,,6,0,phishing
f_test,,6,0,phishing
pimp,,6,0,phishing
shap,,6,0,phishing
pearson,,6,0,phishing
spearman,,6,0,phishing
kendall,,6,0,phishing
pps,,6,0,phishing
gini,,7,0,phishing
mutual_info,,7,0,phishing
f_test,,7,0,phishing
pimp,,7,0,phishing
shap,,7,0,phishing
pearson,,7,0,phishing
spearman,,7,0,phishing
kendall,,7,0,phishing
pps,,7,0,phishing
gini,,8,0,phishing
mutual_info,,8,0,phishing
f_test,,8,0,phishing
pimp,,8,0,phishing
shap,,8,0,phishing
pearson,,8,0,phishing
spearman,,8,0,phishing
kendall,,8,0,phishing
pps,,8,0,phishing
gini,,9,0,phishing
mutual_info,,9,0,phishing
f_test,,9,0,phishing
pimp,,9,0,phishing
shap,,9,0,phishing
pearson,,9,0,phishing
spearman,,9,0,phishing
kendall,,9,0,phishing
pps,,9,0,phishing
gini,0.0026009748624289397,0,2,phishing
mutual_info,0.0019443995681862614,0,2,phishing
f_test,-0.0006469606873282796,0,2,phishing
pimp,0.0019503093390396131,0,2,phishing
shap,0.0026009748624289397,0,2,phishing
pearson,-0.0006469606873282796,0,2,phishing
spearman,-0.0006469606873282796,0,2,phishing
kendall,-0.0006469606873282796,0,2,phishing
pps,-0.03696382040062618,0,2,phishing
gini,0.001947925782473714,1,2,phishing
mutual_info,0.0012985104173648399,1,2,phishing
f_test,-0.0006470095606649906,1,2,phishing
pimp,6.279575649470459e-06,1,2,phishing
shap,0.0013020379095858292,1,2,phishing
pearson,-0.0006470095606649906,1,2,phishing
spearman,-0.0006470095606649906,1,2,phishing
kendall,-0.0006470095606649906,1,2,phishing
pps,-0.03822351101097399,1,2,phishing
gini,0.004543042866240077,2,2,phishing
mutual_info,0.0019515674642645031,2,2,phishing
f_test,0.0025960111275511455,2,2,phishing
pimp,0.003894016691326607,2,2,phishing
shap,0.004543042866240077,2,2,phishing
pearson,0.0025960111275511455,2,2,phishing
spearman,0.0025960111275511455,2,2,phishing
kendall,0.0025960111275511455,2,2,phishing
pps,-0.04478240609316664,2,2,phishing
gini,0.0019483493172793853,3,2,phishing
mutual_info,1.7402503735830521e-06,3,2,phishing
f_test,0.0013016679256387942,3,2,phishing
pimp,0.0012986194071769042,3,2,phishing
shap,0.0013016679256387942,3,2,phishing
pearson,0.0013016679256387942,3,2,phishing
spearman,0.0013016679256387942,3,2,phishing
kendall,0.0013016679256387942,3,2,phishing
pps,-0.03690731241688583,3,2,phishing
gini,0.0025978501360794937,4,2,phishing
mutual_info,0.001951691513716991,4,2,phishing
f_test,0.001951691513716991,4,2,phishing
pimp,0.0025978501360794937,4,2,phishing
shap,0.0025978501360794937,4,2,phishing
pearson,0.001951691513716991,4,2,phishing
spearman,0.001951691513716991,4,2,phishing
kendall,0.001951691513716991,4,2,phishing
pps,-0.03509795978496644,4,2,phishing
gini,0.0032411038638140433,5,2,phishing
mutual_info,0.003240259983325,5,2,phishing
f_test,0.0019450660556541433,5,2,phishing
pimp,0.002592263924821925,5,2,phishing
shap,0.0012983366461740697,5,2,phishing
pearson,0.0019450660556541433,5,2,phishing
spearman,0.0019450660556541433,5,2,phishing
kendall,0.0019450660556541433,5,2,phishing
pps,-0.04278516278104194,5,2,phishing
gini,0.0006441909207923757,6,2,phishing
mutual_info,0.002590509970340049,6,2,phishing
f_test,0.0019411578396455464,6,2,phishing
pimp,0.0019470675913781932,6,2,phishing
shap,0.0006441909207923757,6,2,phishing
pearson,0.0019411578396455464,6,2,phishing
spearman,0.0019411578396455464,6,2,phishing
kendall,0.0019411578396455464,6,2,phishing
pps,-0.04015495911561917,6,2,phishing
gini,0.0025971219472853413,7,2,phishing
mutual_info,0.0006474958701181421,7,2,phishing
f_test,0.002595568614821131,7,2,phishing
pimp,0.0032476944391333085,7,2,phishing
shap,0.0019531219529456134,7,2,phishing
pearson,0.002595568614821131,7,2,phishing
spearman,0.002595568614821131,7,2,phishing
kendall,0.002595568614821131,7,2,phishing
pps,-0.03767313646248027,7,2,phishing
gini,-0.0006516381861094711,8,2,phishing
mutual_info,-0.0006452291131295862,8,2,phishing
f_test,0.0006409612618893945,8,2,phishing
pimp,-5.571383048241785e-06,8,2,phishing
shap,-0.0006516381861094711,8,2,phishing
pearson,0.0006409612618893945,8,2,phishing
spearman,0.0006409612618893945,8,2,phishing
kendall,0.0006409612618893945,8,2,phishing
pps,-0.039577584144275035,8,2,phishing
gini,0.0006547327587655971,9,2,phishing
mutual_info,-0.0012950065531156518,9,2,phishing
f_test,-3.044555461739762e-06,9,2,phishing
pimp,0.0032360400222450902,9,2,phishing
shap,-0.0006453743802223855,9,2,phishing
pearson,-3.044555461739762e-06,9,2,phishing
spearman,-3.044555461739762e-06,9,2,phishing
kendall,-3.044555461739762e-06,9,2,phishing
pps,-0.0421058932026509,9,2,phishing
gini,-0.0006466133662467177,0,3,phishing
mutual_info,-0.0012942075285009569,0,3,phishing
f_test,-0.0006504804703638678,0,3,phishing
pimp,-0.0006504804703638678,0,3,phishing
shap,-0.0019491357815603072,0,3,phishing
pearson,-0.0006504804703638678,0,3,phishing
spearman,-0.0006504804703638678,0,3,phishing
kendall,-0.0006504804703638678,0,3,phishing
pps,-0.04937670171256858,0,3,phishing
gini,0.0012916928233235314,1,3,phishing
mutual_info,-9.948733127651543e-06,1,3,phishing
f_test,-0.0006575022433424893,1,3,phishing
pimp,-0.0013014089697028774,1,3,phishing
shap,-0.0013014089697028774,1,3,phishing
pearson,-0.0006575022433424893,1,3,phishing
spearman,-0.0006575022433424893,1,3,phishing
kendall,-0.0006575022433424893,1,3,phishing
pps,-0.05126724951485073,1,3,phishing
gini,0.0025975247495895193,2,3,phishing
mutual_info,-0.0006566761159866319,2,3,phishing
f_test,0.0038961162354498313,2,3,phishing
pimp,0.0025975247495895193,2,3,phishing
shap,0.0019454985282252313,2,3,phishing
pearson,0.0038961162354498313,2,3,phishing
spearman,0.0038961162354498313,2,3,phishing
kendall,0.0038961162354498313,2,3,phishing
pps,-0.04882062498123463,2,3,phishing
gini,0.0032583990649721617,3,3,phishing
mutual_info,0.0012991878542947255,3,3,phishing
f_test,0.0006482007372932141,3,3,phishing
pimp,0.001299815897478851,3,3,phishing
shap,0.001299815897478851,3,3,phishing
pearson,0.0006482007372932141,3,3,phishing
spearman,0.0006482007372932141,3,3,phishing
kendall,0.0006482007372932141,3,3,phishing
pps,-0.044936481144472795,3,3,phishing
gini,0.004538491613136131,4,3,phishing
mutual_info,-0.005915678152940473,4,3,phishing
f_test,0.004534202478320815,4,3,phishing
pimp,0.004531414593543337,4,3,phishing
shap,0.0025723572495153224,4,3,phishing
pearson,0.004534202478320815,4,3,phishing
spearman,0.004534202478320815,4,3,phishing
kendall,0.004534202478320815,4,3,phishing
pps,-0.03986595187366293,4,3,phishing
gini,0.005210113887759382,5,3,phishing
mutual_info,0.0039060967515778255,5,3,phishing
f_test,0.0039033351657549176,5,3,phishing
pimp,0.0032506549820146002,5,3,phishing
shap,0.003903964842334018,5,3,phishing
pearson,0.0039033351657549176,5,3,phishing
spearman,0.0039033351657549176,5,3,phishing
kendall,0.0039033351657549176,5,3,phishing
pps,-0.04114677460304483,5,3,phishing
gini,0.003915624585004274,6,3,phishing
mutual_info,0.001957626107891297,6,3,phishing
f_test,0.002609560021257229,6,3,phishing
pimp,0.003915624585004274,6,3,phishing
shap,0.002611035617498425,6,3,phishing
pearson,0.002609560021257229,6,3,phishing
spearman,0.002609560021257229,6,3,phishing
kendall,0.002609560021257229,6,3,phishing
pps,-0.050255088554794325,6,3,phishing
gini,-0.0012975021552537047,7,3,phishing
mutual_info,0.0006503954262551126,7,3,phishing
f_test,-0.0012999567937550527,7,3,phishing
pimp,-0.0012975021552537047,7,3,phishing
shap,-0.0012975021552537047,7,3,phishing
pearson,-0.0012999567937550527,7,3,phishing
spearman,-0.0012999567937550527,7,3,phishing
kendall,-0.0012999567937550527,7,3,phishing
pps,-0.04683900263630958,7,3,phishing
gini,0.003910331419610058,8,3,phishing
mutual_info,0.002606159556363563,8,3,phishing
f_test,0.002606159556363563,8,3,phishing
pimp,0.002614505900632169,8,3,phishing
shap,0.003910331419610058,8,3,phishing
pearson,0.002606159556363563,8,3,phishing
spearman,0.002606159556363563,8,3,phishing
kendall,0.002606159556363563,8,3,phishing
pps,-0.047566192323772016,8,3,phishing
gini,0.0006576128400910264,9,3,phishing
mutual_info,-4.4392035121187945e-06,9,3,phishing
f_test,-0.0006522171731527804,9,3,phishing
pimp,0.0,9,3,phishing
shap,0.002598727548676738,9,3,phishing
pearson,-0.0006522171731527804,9,3,phishing
spearman,-0.0006522171731527804,9,3,phishing
kendall,-0.0006522171731527804,9,3,phishing
pps,-0.05078139657814551,9,3,phishing
gini,0.005833226493967114,0,4,phishing
mutual_info,-0.0006609818439831106,0,4,phishing
f_test,0.0032189870511880603,0,4,phishing
pimp,0.0032309311424878473,0,4,phishing
shap,0.005168815952066419,0,4,phishing
pearson,0.0032189870511880603,0,4,phishing
spearman,0.0032189870511880603,0,4,phishing
kendall,0.0032189870511880603,0,4,phishing
pps,-0.05117349295882456,0,4,phishing
gini,0.00198778511526454,1,4,phishing
mutual_info,-0.005146713763913957,1,4,phishing
f_test,0.000648629385950894,1,4,phishing
pimp,0.003218318146885002,1,4,phishing
shap,-0.0006447544038082897,1,4,phishing
pearson,0.000648629385950894,1,4,phishing
spearman,0.000648629385950894,1,4,phishing
kendall,0.000648629385950894,1,4,phishing
pps,-0.049602562318434185,1,4,phishing
gini,0.0038682832262826317,2,4,phishing
mutual_info,0.0012773745979584028,2,4,phishing
f_test,0.00256716437511062,2,4,phishing
pimp,0.003856954152262171,2,4,phishing
shap,0.0012826543765167564,2,4,phishing
pearson,0.00256716437511062,2,4,phishing
spearman,0.00256716437511062,2,4,phishing
kendall,0.00256716437511062,2,4,phishing
pps,-0.046464609173660576,2,4,phishing
gini,0.0058126750314788644,3,4,phishing
mutual_info,0.004520372477196499,3,4,phishing
f_test,0.004514657510356734,3,4,phishing
pimp,0.006456972659942162,3,4,phishing
shap,0.0032333599875720154,3,4,phishing
pearson,0.004514657510356734,3,4,phishing
spearman,0.004514657510356734,3,4,phishing
kendall,0.004514657510356734,3,4,phishing
pps,-0.047864436079260164,3,4,phishing
gini,0.005814402432199994,4,4,phishing
mutual_info,0.0032263753023953345,4,4,phishing
f_test,0.0006502591632786547,4,4,phishing
pimp,0.0019600417621612465,4,4,phishing
shap,0.0006829213781880394,4,4,phishing
pearson,0.0006502591632786547,4,4,phishing
spearman,0.0006502591632786547,4,4,phishing
kendall,0.0006502591632786547,4,4,phishing
pps,-0.047044146809156806,4,4,phishing
gini,0.0025824710504389614,5,4,phishing
mutual_info,0.0019435725659553427,5,4,phishing
f_test,0.0019391314592072106,5,4,phishing
pimp,0.0012962579810376074,5,4,phishing
shap,0.0019391314592072106,5,4,phishing
pearson,0.0019391314592072106,5,4,phishing
spearman,0.0019391314592072106,5,4,phishing
kendall,0.0019391314592072106,5,4,phishing
pps,-0.05549462627057011,5,4,phishing
gini,-1.0856355265209672e-05,6,4,phishing
mutual_info,-0.0057835388138055555,6,4,phishing
f_test,-0.0038813724828294927,6,4,phishing
pimp,-0.0012949265844371949,6,4,phishing
shap,-0.0025969494900921486,6,4,phishing
pearson,-0.0038813724828294927,6,4,phishing
spearman,-0.0038813724828294927,6,4,phishing
kendall,-0.0038813724828294927,6,4,phishing
pps,-0.05339026058522489,6,4,phishing
gini,0.0038626352607977754,7,4,phishing
mutual_info,0.0006484717606780599,7,4,phishing
f_test,0.0006448776877681084,7,4,phishing
pimp,0.001288163343927451,7,4,phishing
shap,-1.5752309867611558e-07,7,4,phishing
pearson,0.0006448776877681084,7,4,phishing
spearman,0.0006448776877681084,7,4,phishing
kendall,0.0006448776877681084,7,4,phishing
pps,-0.05410789934200766,7,4,phishing
gini,0.001927361129740346,8,4,phishing
mutual_info,-7.748647987027013e-06,8,4,phishing
f_test,0.001927361129740346,8,4,phishing
pimp,0.0025707470580378367,8,4,phishing
shap,-9.381420590703904e-06,8,4,phishing
pearson,0.001927361129740346,8,4,phishing
spearman,0.001927361129740346,8,4,phishing
kendall,0.001927361129740346,8,4,phishing
pps,-0.05096242461324285,8,4,phishing
gini,0.0019339363506318819,9,4,phishing
mutual_info,0.0013132185797473106,9,4,phishing
f_test,7.415861823067971e-06,9,4,phishing
pimp,-0.0018842697713393752,9,4,phishing
shap,0.0019339363506318819,9,4,phishing
pearson,7.415861823067971e-06,9,4,phishing
spearman,7.415861823067971e-06,9,4,phishing
kendall,7.415861823067971e-06,9,4,phishing
pps,-0.05408099169281411,9,4,phishing
gini,0.003237300463866166,0,5,phishing
mutual_info,-2.994872611983279e-05,0,5,phishing
f_test,0.0038969828754931157,0,5,phishing
pimp,0.003237300463866166,0,5,phishing
shap,0.003913354839546912,0,5,phishing
pearson,0.0038969828754931157,0,5,phishing
spearman,0.0038969828754931157,0,5,phishing
kendall,0.0038969828754931157,0,5,phishing
pps,-0.04174245162183421,0,5,phishing
gini,0.0006922826922797221,1,5,phishing
mutual_info,-0.004524123637818844,1,5,phishing
f_test,-0.0019454470611008912,1,5,phishing
pimp,-0.001265960305369851,1,5,phishing
shap,0.0006922826922797221,1,5,phishing
pearson,-0.0019454470611008912,1,5,phishing
spearman,-0.0019454470611008912,1,5,phishing
kendall,-0.0019454470611008912,1,5,phishing
pps,-0.04485452378549315,1,5,phishing
gini,0.004579743047044671,2,5,phishing
mutual_info,0.003265085507202503,2,5,phishing
f_test,0.003922173704172582,2,5,phishing
pimp,0.005884289910434104,2,5,phishing
shap,0.005884289910434104,2,5,phishing
pearson,0.003922173704172582,2,5,phishing
spearman,0.003922173704172582,2,5,phishing
kendall,0.003922173704172582,2,5,phishing
pps,-0.037160579521642645,2,5,phishing
gini,0.001994964416781597,3,5,phishing
mutual_info,-0.0019325294399810122,3,5,phishing
f_test,0.0006667852011301711,3,5,phishing
pimp,0.0032950420615436293,3,5,phishing
shap,0.0032950420615436293,3,5,phishing
pearson,0.0006667852011301711,3,5,phishing
spearman,0.0006667852011301711,3,5,phishing
kendall,0.0006667852011301711,3,5,phishing
pps,-0.0500001365642202,3,5,phishing
gini,0.0012609543086297137,4,5,phishing
mutual_info,-0.003939994033871352,4,5,phishing
f_test,-0.0013008649163360753,4,5,phishing
pimp,-0.0006426166194928307,4,5,phishing
shap,-0.0013281423468649578,4,5,phishing
pearson,-0.0013008649163360753,4,5,phishing
spearman,-0.0013008649163360753,4,5,phishing
kendall,-0.0013008649163360753,4,5,phishing
pps,-0.0481512134581793,4,5,phishing
gini,0.006550219332942531,5,5,phishing
mutual_info,0.0006957556314148849,5,5,phishing
f_test,0.005890556461503937,5,5,phishing
pimp,0.004594053861344705,5,5,phishing
shap,0.005880419428313299,5,5,phishing
pearson,0.005890556461503937,5,5,phishing
spearman,0.005890556461503937,5,5,phishing
kendall,0.005890556461503937,5,5,phishing
pps,-0.04053466220062851,5,5,phishing
gini,0.0006276750919360641,6,5,phishing
mutual_info,0.0026183193644047087,6,5,phishing
f_test,0.001930087968309957,6,5,phishing
pimp,0.0013151849762924606,6,5,phishing
shap,-0.000656870693451328,6,5,phishing
pearson,0.001930087968309957,6,5,phishing
spearman,0.001930087968309957,6,5,phishing
kendall,0.001930087968309957,6,5,phishing
pps,-0.03840933120700063,6,5,phishing
gini,0.0032833056059407006,7,5,phishing
mutual_info,-0.0012383192767636553,7,5,phishing
f_test,0.00198099956230835,7,5,phishing
pimp,0.0032833056059407006,7,5,phishing
shap,9.88538264401484e-06,7,5,phishing
pearson,0.00198099956230835,7,5,phishing
spearman,0.00198099956230835,7,5,phishing
kendall,0.00198099956230835,7,5,phishing
pps,-0.05142099386051746,7,5,phishing
gini,-0.0013255348208506268,8,5,phishing
mutual_info,-0.002622604533483619,8,5,phishing
f_test,-0.002622604533483619,8,5,phishing
pimp,-0.0013563037574333414,8,5,phishing
shap,-1.4987866379656545e-05,8,5,phishing
pearson,-0.002622604533483619,8,5,phishing
spearman,-0.002622604533483619,8,5,phishing
kendall,-0.002622604533483619,8,5,phishing
pps,-0.04798840727165454,8,5,phishing
gini,0.0026043476195578563,9,5,phishing
mutual_info,-0.0012236135666963133,9,5,phishing
f_test,0.002592539917545267,9,5,phishing
pimp,0.0026043476195578563,9,5,phishing
shap,0.0019472198387786577,9,5,phishing
pearson,0.002592539917545267,9,5,phishing
spearman,0.002592539917545267,9,5,phishing
kendall,0.002592539917545267,9,5,phishing
pps,-0.045576083342264595,9,5,phishing
gini,0.0020117340667022976,0,6,phishing
mutual_info,-0.0019466910963248374,0,6,phishing
f_test,1.4411907765854437e-05,0,6,phishing
pimp,-1.290144686760808e-05,0,6,phishing
shap,-1.290144686760808e-05,0,6,phishing
pearson,1.4411907765854437e-05,0,6,phishing
spearman,1.4411907765854437e-05,0,6,phishing
kendall,1.4411907765854437e-05,0,6,phishing
pps,-0.04229420970896336,0,6,phishing
gini,0.0013377100528684238,1,6,phishing
mutual_info,0.0013377100528684238,1,6,phishing
f_test,0.0020289484061710716,1,6,phishing
pimp,0.001313383607913332,1,6,phishing
shap,0.001313383607913332,1,6,phishing
pearson,0.0020289484061710716,1,6,phishing
spearman,0.0020289484061710716,1,6,phishing
kendall,0.0020289484061710716,1,6,phishing
pps,-0.036871936288605744,1,6,phishing
gini,0.001301037888560952,2,6,phishing
mutual_info,-0.0019562056287568685,2,6,phishing
f_test,0.0019568903866407084,2,6,phishing
pimp,-0.0013100619049215556,2,6,phishing
shap,0.0012836797532984612,2,6,phishing
pearson,0.0019568903866407084,2,6,phishing
spearman,0.0019568903866407084,2,6,phishing
kendall,0.0019568903866407084,2,6,phishing
pps,-0.03306551801336244,2,6,phishing
gini,0.0013019811151897542,3,6,phishing
mutual_info,-0.0006560700411876175,3,6,phishing
f_test,0.0026290909405226603,3,6,phishing
pimp,0.0026290909405226603,3,6,phishing
shap,0.0013266927387154404,3,6,phishing
pearson,0.0026290909405226603,3,6,phishing
spearman,0.0026290909405226603,3,6,phishing
kendall,0.0026290909405226603,3,6,phishing
pps,-0.03962115851471937,3,6,phishing
gini,0.0032756790907417788,4,6,phishing
mutual_info,0.000647335622822931,4,6,phishing
f_test,0.0006356645821306017,4,6,phishing
pimp,0.0032756790907417788,4,6,phishing
shap,0.0032756790907417788,4,6,phishing
pearson,0.0006356645821306017,4,6,phishing
spearman,0.0006356645821306017,4,6,phishing
kendall,0.0006356645821306017,4,6,phishing
pps,-0.03461299847994537,4,6,phishing
gini,0.0032399209568951814,5,6,phishing
mutual_info,-1.8264548365176658e-05,5,6,phishing
f_test,1.1392776606333754e-05,5,6,phishing
pimp,-9.885284924071591e-06,5,6,phishing
shap,0.003231787970642941,5,6,phishing
pearson,1.1392776606333754e-05,5,6,phishing
spearman,1.1392776606333754e-05,5,6,phishing
kendall,1.1392776606333754e-05,5,6,phishing
pps,-0.037673769613854824,5,6,phishing
gini,0.0020521050976933797,6,6,phishing
mutual_info,-0.0006905721631093042,6,6,phishing
f_test,0.0012887948210626998,6,6,phishing
pimp,0.0012737045014876713,6,6,phishing
shap,-1.6389934109239945e-05,6,6,phishing
pearson,0.0012887948210626998,6,6,phishing
spearman,0.0012887948210626998,6,6,phishing
kendall,0.0012887948210626998,6,6,phishing
pps,-0.03384486444667767,6,6,phishing
gini,0.0006735271110667185,7,6,phishing
mutual_info,-0.0025907443772091865,7,6,phishing
f_test,-0.0018976139135032932,7,6,phishing
pimp,3.0335812244430826e-05,7,6,phishing
shap,0.0006735271110667185,7,6,phishing
pearson,-0.0018976139135032932,7,6,phishing
spearman,-0.0018976139135032932,7,6,phishing
kendall,-0.0018976139135032932,7,6,phishing
pps,-0.038283417898014926,7,6,phishing
gini,-0.001958287687430116,8,6,phishing
mutual_info,-0.0006137599549321804,8,6,phishing
f_test,-1.2243163815206515e-05,8,6,phishing
pimp,-0.003860386409830885,8,6,phishing
shap,-0.0005569371941187562,8,6,phishing
pearson,-1.2243163815206515e-05,8,6,phishing
spearman,-1.2243163815206515e-05,8,6,phishing
kendall,-1.2243163815206515e-05,8,6,phishing
pps,-0.04226571512571309,8,6,phishing
gini,0.0019484623873422535,9,6,phishing
mutual_info,0.000678821794455331,9,6,phishing
f_test,0.002592745147957265,9,6,phishing
pimp,-0.0006884518149781194,9,6,phishing
shap,0.0006441179715408474,9,6,phishing
pearson,0.002592745147957265,9,6,phishing
spearman,0.002592745147957265,9,6,phishing
kendall,0.002592745147957265,9,6,phishing
pps,-0.039769242380676695,9,6,phishing
gini,0.0026609962542132326,0,7,phishing
mutual_info,0.0032663245598347768,0,7,phishing
f_test,0.0039132963593484504,0,7,phishing
pimp,0.001973204358945546,0,7,phishing
shap,0.0026609962542132326,0,7,phishing
pearson,0.0039132963593484504,0,7,phishing
spearman,0.0039132963593484504,0,7,phishing
kendall,0.0039132963593484504,0,7,phishing
pps,-0.04125095410301127,0,7,phishing
gini,0.001310121998553626,1,7,phishing
mutual_info,-0.007118510298108505,1,7,phishing
f_test,1.7159392442511745e-06,1,7,phishing
pimp,0.0006532246332715541,1,7,phishing
shap,0.0026054820530472256,1,7,phishing
pearson,1.7159392442511745e-06,1,7,phishing
spearman,1.7159392442511745e-06,1,7,phishing
kendall,1.7159392442511745e-06,1,7,phishing
pps,-0.04394393106327277,1,7,phishing
gini,0.0006473496631771436,2,7,phishing
mutual_info,-0.009057551412021914,2,7,phishing
f_test,-0.0025971605839185674,2,7,phishing
pimp,0.0006516061751542512,2,7,phishing
shap,0.0006646292550529509,2,7,phishing
pearson,-0.0025971605839185674,2,7,phishing
spearman,-0.0025971605839185674,2,7,phishing
kendall,-0.0025971605839185674,2,7,phishing
pps,-0.04074231781746673,2,7,phishing
gini,2.3171117212505976e-05,3,7,phishing
mutual_info,6.219297373100119e-06,3,7,phishing
f_test,0.0026075419322364457,3,7,phishing
pimp,0.0032483578097697308,3,7,phishing
shap,0.0006532021959195777,3,7,phishing
pearson,0.0026075419322364457,3,7,phishing
spearman,0.0026075419322364457,3,7,phishing
kendall,0.0026075419322364457,3,7,phishing
pps,-0.04137085650857619,3,7,phishing
gini,0.0013169900502536525,4,7,phishing
mutual_info,-0.003284041012493355,4,7,phishing
f_test,-0.0013150584567204193,4,7,phishing
pimp,1.4411907765854437e-05,4,7,phishing
shap,0.0013169900502536525,4,7,phishing
pearson,-0.0013150584567204193,4,7,phishing
spearman,-0.0013150584567204193,4,7,phishing
kendall,-0.0013150584567204193,4,7,phishing
pps,-0.0460438859265222,4,7,phishing
gini,0.004578512862870365,5,7,phishing
mutual_info,0.001320106120973108,5,7,phishing
f_test,0.0039098965548050035,5,7,phishing
pimp,0.0039098965548050035,5,7,phishing
shap,0.004578512862870365,5,7,phishing
pearson,0.0039098965548050035,5,7,phishing
spearman,0.0039098965548050035,5,7,phishing
kendall,0.0039098965548050035,5,7,phishing
pps,-0.039345848680199635,5,7,phishing
gini,0.0026512262607005788,6,7,phishing
mutual_info,0.003298086745399109,6,7,phishing
f_test,0.0032703091321248934,6,7,phishing
pimp,0.002621490646221636,6,7,phishing
shap,0.00326406953453251,6,7,phishing
pearson,0.0032703091321248934,6,7,phishing
spearman,0.0032703091321248934,6,7,phishing
kendall,0.0032703091321248934,6,7,phishing
pps,-0.04152690643827439,6,7,phishing
gini,0.004593673978821489,7,7,phishing
mutual_info,0.004581650525040892,7,7,phishing
f_test,0.001330070256458482,7,7,phishing
pimp,0.002622075296776938,7,7,phishing
shap,0.004593673978821489,7,7,phishing
pearson,0.001330070256458482,7,7,phishing
spearman,0.001330070256458482,7,7,phishing
kendall,0.001330070256458482,7,7,phishing
pps,-0.03809662695705274,7,7,phishing
gini,0.0006558506952940579,8,7,phishing
mutual_info,-0.001979896144907789,8,7,phishing
f_test,-2.034760328184504e-05,8,7,phishing
pimp,0.0006558506952940579,8,7,phishing
shap,1.2435538335520135e-05,8,7,phishing
pearson,-2.034760328184504e-05,8,7,phishing
spearman,-2.034760328184504e-05,8,7,phishing
kendall,-2.034760328184504e-05,8,7,phishing
pps,-0.03871237873185618,8,7,phishing
gini,-0.0013018902049877212,9,7,phishing
mutual_info,-0.003246651221088692,9,7,phishing
f_test,-0.0012852186870550009,9,7,phishing
pimp,-0.0012922766922907059,9,7,phishing
shap,-0.0012766579552913049,9,7,phishing
pearson,-0.0012852186870550009,9,7,phishing
spearman,-0.0012852186870550009,9,7,phishing
kendall,-0.0012852186870550009,9,7,phishing
pps,-0.04511751215067583,9,7,phishing
gini,0.002597466667345394,0,8,phishing
mutual_info,0.0019444225363298706,0,8,phishing
f_test,0.0032507938127954716,0,8,phishing
pimp,0.0025905764709290846,0,8,phishing
shap,0.002597466667345394,0,8,phishing
pearson,0.0032507938127954716,0,8,phishing
spearman,0.0032507938127954716,0,8,phishing
kendall,0.0032507938127954716,0,8,phishing
pps,-0.03836722962461614,0,8,phishing
gini,0.0032366252802795703,1,8,phishing
mutual_info,0.002599346441081618,1,8,phishing
f_test,0.0012883246573296425,1,8,phishing
pimp,0.0032366252802795703,1,8,phishing
shap,0.0025851229132576314,1,8,phishing
pearson,0.0012883246573296425,1,8,phishing
spearman,0.0012883246573296425,1,8,phishing
kendall,0.0012883246573296425,1,8,phishing
pps,-0.04355540717538697,1,8,phishing
gini,0.003904728132388513,2,8,phishing
mutual_info,-0.001924704598945004,2,8,phishing
f_test,0.00261109444700236,2,8,phishing
pimp,0.0045574582329444,2,8,phishing
shap,0.0013396258756508406,2,8,phishing
pearson,0.00261109444700236,2,8,phishing
spearman,0.00261109444700236,2,8,phishing
kendall,0.00261109444700236,2,8,phishing
pps,-0.037081868771807636,2,8,phishing
gini,-1.7402473452277079e-06,3,8,phishing
mutual_info,-0.005152744487344485,3,8,phishing
f_test,-0.000650629786749457,3,8,phishing
pimp,-1.7402473452277079e-06,3,8,phishing
shap,-1.7402473452277079e-06,3,8,phishing
pearson,-0.000650629786749457,3,8,phishing
spearman,-0.000650629786749457,3,8,phishing
kendall,-0.000650629786749457,3,8,phishing
pps,-0.04408814653181625,3,8,phishing
gini,0.0025966153781138424,4,8,phishing
mutual_info,0.0025937537998257376,4,8,phishing
f_test,0.0012968768999126468,4,8,phishing
pimp,0.0012968768999126468,4,8,phishing
shap,0.0006590959787176054,4,8,phishing
pearson,0.0012968768999126468,4,8,phishing
spearman,0.0012968768999126468,4,8,phishing
kendall,0.0012968768999126468,4,8,phishing
pps,-0.042152447058564024,4,8,phishing
gini,0.0026116729326235433,5,8,phishing
mutual_info,-0.0006431072005196325,5,8,phishing
f_test,0.0032543081756915004,5,8,phishing
pimp,0.0026116729326235433,5,8,phishing
shap,0.0026060869989450453,5,8,phishing
pearson,0.0032543081756915004,5,8,phishing
spearman,0.0032543081756915004,5,8,phishing
kendall,0.0032543081756915004,5,8,phishing
pps,-0.04163694962343001,5,8,phishing
gini,0.0019263907165685268,6,8,phishing
mutual_info,-0.00389281021308141,6,8,phishing
f_test,-2.3712069465942065e-05,6,8,phishing
pimp,0.0019263907165685268,6,8,phishing
shap,0.0019263907165685268,6,8,phishing
pearson,-2.3712069465942065e-05,6,8,phishing
spearman,-2.3712069465942065e-05,6,8,phishing
kendall,-2.3712069465942065e-05,6,8,phishing
pps,-0.04745436270529513,6,8,phishing
gini,0.003236866743251632,7,8,phishing
mutual_info,0.0012989250680397468,7,8,phishing
f_test,0.0012989250680397468,7,8,phishing
pimp,0.0026047403824835946,7,8,phishing
shap,0.0013145628972413004,7,8,phishing
pearson,0.0012989250680397468,7,8,phishing
spearman,0.0012989250680397468,7,8,phishing
kendall,0.0012989250680397468,7,8,phishing
pps,-0.037046479411031785,7,8,phishing
gini,-0.0012942637621363717,8,8,phishing
mutual_info,-0.0038727974847664326,8,8,phishing
f_test,1.5568253852515923e-05,8,8,phishing
pimp,-0.0019348744236128423,8,8,phishing
shap,3.6964641569880996e-06,8,8,phishing
pearson,1.5568253852515923e-05,8,8,phishing
spearman,1.5568253852515923e-05,8,8,phishing
kendall,1.5568253852515923e-05,8,8,phishing
pps,-0.050489022657146054,8,8,phishing
gini,0.005861037459290008,9,8,phishing
mutual_info,-0.001957498935326152,9,8,phishing
f_test,0.00716506426587471,9,8,phishing
pimp,0.005873063559202363,9,8,phishing
shap,0.004569895257628964,9,8,phishing
pearson,0.00716506426587471,9,8,phishing
spearman,0.00716506426587471,9,8,phishing
kendall,0.00716506426587471,9,8,phishing
pps,-0.03192823100770714,9,8,phishing
gini,0.0026175944646202876,0,9,phishing
mutual_info,0.0,0,9,phishing
f_test,0.0026411776477304194,0,9,phishing
pimp,0.00392639169693032,0,9,phishing
shap,0.0013458107723445245,0,9,phishing
pearson,0.0026411776477304194,0,9,phishing
spearman,0.0026411776477304194,0,9,phishing
kendall,0.0026411776477304194,0,9,phishing
pps,-0.04070880887252504,0,9,phishing
gini,-0.005842478684413566,1,9,phishing
mutual_info,-0.005220630597206788,1,9,phishing
f_test,-0.003921313564789752,1,9,phishing
pimp,-0.005865476630340982,1,9,phishing
shap,-0.0032428064808877055,1,9,phishing
pearson,-0.003921313564789752,1,9,phishing
spearman,-0.003921313564789752,1,9,phishing
kendall,-0.003921313564789752,1,9,phishing
pps,-0.04888711408562174,1,9,phishing
gini,0.0,2,9,phishing
mutual_info,0.0,2,9,phishing
f_test,-1.2514941827412862e-05,2,9,phishing
pimp,0.0006241643735225288,2,9,phishing
shap,-1.2514941827412862e-05,2,9,phishing
pearson,-1.2514941827412862e-05,2,9,phishing
spearman,-1.2514941827412862e-05,2,9,phishing
kendall,-1.2514941827412862e-05,2,9,phishing
pps,-0.045328635081555824,2,9,phishing
gini,0.00455195827420618,3,9,phishing
mutual_info,0.0006416504685826663,3,9,phishing
f_test,0.0019571960157152013,3,9,phishing
pimp,0.0019777417285486987,3,9,phishing
shap,-0.0006385704042469742,3,9,phishing
pearson,0.0019571960157152013,3,9,phishing
spearman,0.0019571960157152013,3,9,phishing
kendall,0.0019571960157152013,3,9,phishing
pps,-0.039050785716732817,3,9,phishing
gini,0.004636296893060665,4,9,phishing
mutual_info,0.00261720514524999,4,9,phishing
f_test,0.002637764391953068,4,9,phishing
pimp,0.0019892878261500435,4,9,phishing
shap,0.0019892878261500435,4,9,phishing
pearson,0.002637764391953068,4,9,phishing
spearman,0.002637764391953068,4,9,phishing
kendall,0.002637764391953068,4,9,phishing
pps,-0.040992570746273826,4,9,phishing
gini,0.003919571387719367,5,9,phishing
mutual_info,0.0013348055143433957,5,9,phishing
f_test,0.0026130475918129115,5,9,phishing
pimp,0.003919571387719367,5,9,phishing
shap,0.0026130475918129115,5,9,phishing
pearson,0.0026130475918129115,5,9,phishing
spearman,0.0026130475918129115,5,9,phishing
kendall,0.0026130475918129115,5,9,phishing
pps,-0.04610306838815614,5,9,phishing
gini,-0.0032866512958497074,6,9,phishing
mutual_info,-0.006460498480087118,6,9,phishing
f_test,-0.004550713979862175,6,9,phishing
pimp,-0.005178142275057307,6,9,phishing
shap,-0.007146974990780652,6,9,phishing
pearson,-0.004550713979862175,6,9,phishing
spearman,-0.004550713979862175,6,9,phishing
kendall,-0.004550713979862175,6,9,phishing
pps,-0.05036918825614112,6,9,phishing
gini,0.003914979132700891,7,9,phishing
mutual_info,0.0006755606355166588,7,9,phishing
f_test,0.0006755606355166588,7,9,phishing
pimp,0.003266545476131366,7,9,phishing
shap,0.003914979132700891,7,9,phishing
pearson,0.0006755606355166588,7,9,phishing
spearman,0.0006755606355166588,7,9,phishing
kendall,0.0006755606355166588,7,9,phishing
pps,-0.04337334095998657,7,9,phishing
gini,0.0006675620526870318,8,9,phishing
mutual_info,-7.993182949972422e-06,8,9,phishing
f_test,-0.0006480834818010095,8,9,phishing
pimp,0.0019730585118020727,8,9,phishing
shap,0.0006675620526870318,8,9,phishing
pearson,-0.0006480834818010095,8,9,phishing
spearman,-0.00063793440642812,8,9,phishing
kendall,-0.0006480834818010095,8,9,phishing
pps,-0.04667088172620726,8,9,phishing
gini,1.2995710776175784e-05,9,9,phishing
mutual_info,-0.0026005612121782207,9,9,phishing
f_test,0.00065668936733565,9,9,phishing
pimp,-0.0006071244396714803,9,9,phishing
shap,-0.0006420899578644113,9,9,phishing
pearson,0.00065668936733565,9,9,phishing
spearman,0.00065668936733565,9,9,phishing
kendall,0.00065668936733565,9,9,phishing
pps,-0.045404282665708395,9,9,phishing
